row,source_row
0,63
1,184
2,211
3,215
4,221
5,245
6,258
7,266
8,281
9,318
10,333
11,395
12,425
13,467
14,491
15,539
16,553
17,621
18,715
19,815
20,868
21,908
22,930
23,987
24,1000
25,1006
26,1195
27,1207
28,1337
29,1565
30,1795
31,1855
32,1925
33,2111
34,2143
35,2145
36,2221
37,2294
38,2322
39,2323
40,2445
41,2554
42,2725
43,2885
44,3024
45,3050
46,3116
47,3151
48,3210
49,3234
50,3282
51,3296
52,3298
53,3473
54,3515
55,3531
56,3568
57,3615
58,3619
59,3622
60,3626
61,3656
62,3732
63,3734
64,3788
65,3797
66,3801
67,3849
68,3926
69,4034
70,4063
71,4114
72,4185
73,4326
74,4330
75,4413
76,4417
77,4418
78,4516
79,4518
80,4546
81,4590
82,4646
83,4662
84,4683
85,4747
86,4788
87,4816
88,4851
89,4852
90,5074
91,5094
92,5095
93,5112
94,5184
95,5188
96,5286
97,5289
98,5326
99,5347
100,5375
101,5397
102,5424
103,5428
104,5505
105,5509
106,5545
107,5638
108,5657
109,5680
110,5747
111,5780
112,5792
113,5797
114,5804
115,5847
116,5881
117,5887
118,5899
119,5964
120,6149
121,6235
122,6272
123,6278
124,6320
125,6381
126,6396
127,6427
128,6428
129,6436
130,6500
131,6547
132,6590
133,6600
134,6661
135,6755
136,6768
137,6780
138,6934
139,6944
140,6957
141,6963
142,7022
143,7029
144,7100
145,7185
146,7263
147,7280
148,7282
149,7306
150,7389
151,7417
152,7470
153,7512
154,7513
155,7529
156,7631
157,7665
158,7706
159,7714
160,7839
161,7858
162,7859
163,7891
164,7917
165,7921
166,7929
167,7953
168,7985
169,7990
170,8031
171,8040
172,8350
173,8352
174,8369
175,8397
176,8439
177,8583
178,8643
179,8674
180,8771
181,8807
182,8817
183,8818
184,8872
185,8900
186,8901
187,8910
188,8997
189,9080
190,9122
191,9156
192,9176
193,9255
194,9300
195,9336
196,9455
197,9459
198,9489
199,9555
200,9558
201,9561
202,9573
203,9605
204,9628
205,9685
206,9697
207,9722
208,9765
209,9770
210,9793
211,9829
212,9836
213,9860
214,9880
215,9890
216,9902
217,9934
218,9948
219,10035
220,10061
221,10107
222,10108
223,10141
224,10159
225,10165
226,10212
227,10279
228,10297
229,10331
230,10487
231,10602
232,10715
233,10744
234,10878
235,11009
236,11013
237,11047
238,11195
239,11211
240,11361
241,11422
242,11449
243,11568
244,11677
245,11716
246,11774
247,11821
248,11844
249,11900
250,11904
251,11937
252,12043
253,12127
254,12177
255,12231
256,12236
257,12254
258,12259
259,12331
260,12388
261,12492
262,12538
263,12718
264,12911
265,12919
266,13004
267,13093
268,13140
269,13217
270,13258
271,13307
272,13413
273,13483
274,13485
275,13563
276,13593
277,13630
278,13674
279,13675
280,13714
281,13761
282,13781
283,13787
284,13801
285,13862
286,13931
287,13943
288,13968
289,14127
290,14198
291,14218
292,14233
293,14332
294,14377
295,14473
296,14478
297,14481
298,14549
299,14613
300,14636
301,14638
302,14665
303,14670
304,14710
305,14719
306,14743
307,14847
308,14924
309,15116
310,15119
311,15153
312,15263
313,15312
314,15326
315,15515
316,15532
317,15582
318,15587
319,15648
320,15671
321,15681
322,15732
323,15882
324,16029
325,16033
326,16039
327,16124
328,16177
329,16231
330,16249
331,16260
332,16273
333,16306
334,16317
335,16399
336,16438
337,16491
338,16493
339,16614
340,16654
341,16680
342,16832
343,16987
344,17057
345,17156
346,17186
347,17205
348,17235
349,17345
350,17420
351,17538
352,17550
353,17643
354,17723
355,17813
356,17823
357,17927
358,17985
359,18058
360,18070
361,18080
362,18123
363,18124
364,18127
365,18133
366,18143
367,18223
368,18249
369,18262
370,18284
371,18288
372,18290
373,18296
374,18345
375,18366
376,18369
377,18388
378,18399
379,18414
380,18504
381,18528
382,18556
383,18588
384,18612
385,18835
386,18904
387,18968
388,18989
389,19012
390,19017
391,19026
392,19053
393,19289
394,19360
395,19451
396,19473
397,19486
398,19581
399,19591
400,19614
401,19643
402,19764
403,19867
404,19878
405,19894
406,19919
407,19936
408,20007
409,20019
410,20085
411,20126
412,20137
413,20183
414,20207
415,20246
416,20494
417,20502
418,20514
419,20526
420,20587
421,20631
422,20664
423,20709
424,20715
425,20760
426,20774
427,20788
428,20815
429,20861
430,20868
431,20897
432,20969
433,21096
434,21145
435,21176
436,21209
437,21265
438,21316
439,21332
440,21368
441,21432
442,21474
443,21528
444,21536
445,21544
446,21547
447,21552
448,21927
449,21997
450,22021
451,22057
452,22180
453,22187
454,22238
455,22339
456,22566
457,22692
458,22722
459,22873
460,22894
461,22942
462,22991
463,23107
464,23170
465,23197
466,23209
467,23210
468,23274
469,23336
470,23350
471,23390
472,23412
473,23416
474,23442
475,23552
476,23582
477,23714
478,23784
479,23806
480,23895
481,24026
482,24029
483,24066
484,24131
485,24137
486,24273
487,24311
488,24333
489,24605
490,24647
491,24654
492,24671
493,24689
494,24791
495,24801
496,24820
497,24868
498,25015
499,25119
500,25134
501,25136
502,25148
503,25201
504,25232
505,25296
506,25346
507,25370
508,25456
509,25638
510,25673
511,25791
512,25809
513,25832
514,25874
515,25953
516,26124
517,26155
518,26187
519,26207
520,26227
521,26368
522,26500
523,26510
524,26553
525,26649
526,26657
527,26729
528,26756
529,26777
530,26782
531,26798
532,26801
533,26839
534,26851
535,26867
536,26885
537,26896
538,26964
539,27018
540,27041
541,27143
542,27243
543,27292
544,27380
545,27408
546,27419
547,27535
548,27550
549,27609
550,27754
551,27758
552,27879
553,27909
554,27930
555,27988
556,28039
557,28044
558,28167
559,28265
560,28294
561,28327
562,28354
563,28465
564,28473
565,28494
566,28502
567,28557
568,28642
569,28749
570,28849
571,29062
572,29066
573,29080
574,29170
575,29245
576,29249
577,29285
578,29293
579,29345
580,29348
581,29376
582,29398
583,29399
584,29450
585,29469
586,29561
587,29615
588,29651
589,29700
590,29729
591,29743
592,29776
593,29788
594,29798
595,29808
596,29871
597,29921
598,29993
599,30016
600,30273
601,30310
602,30327
603,30351
604,30358
605,30394
606,30514
607,30556
608,30600
609,30652
610,30670
611,30675
612,30676
613,30721
614,30731
615,30777
616,30786
617,30839
618,30926
619,30961
620,30962
621,31013
622,31026
623,31089
624,31095
625,31223
626,31276
627,31340
628,31364
629,31368
630,31422
631,31488
632,31553
633,31753
634,31765
635,31858
636,31933
637,31934
638,31937
639,31991
640,32039
641,32208
642,32251
643,32333
644,32393
645,32453
646,32589
647,32597
648,32728
649,32750
650,32797
651,32811
652,32814
653,32956
654,33076
655,33149
656,33154
657,33165
658,33256
659,33265
660,33297
661,33316
662,33366
663,33428
664,33471
665,33627
666,33652
667,33679
668,33687
669,33811
670,33831
671,33862
672,33865
673,33917
674,33989
675,34020
676,34229
677,34300
678,34331
679,34340
680,34430
681,34514
682,34538
683,34543
684,34661
685,34768
686,34883
687,34899
688,34920
689,34944
690,34983
691,35023
692,35076
693,35115
694,35165
695,35183
696,35188
697,35365
698,35412
699,35425
700,35461
701,35470
702,35474
703,35515
704,35521
705,35649
706,35811
707,35812
708,36043
709,36089
710,36180
711,36315
712,36356
713,36363
714,36395
715,36396
716,36401
717,36450
718,36501
719,36664
720,36716
721,36717
722,36735
723,36867
724,36920
725,36926
726,36939
727,36971
728,37045
729,37066
730,37071
731,37173
732,37228
733,37323
734,37325
735,37426
736,37459
737,37460
738,37512
739,37551
740,37574
741,37578
742,37579
743,37613
744,37712
745,37880
746,37901
747,37909
748,37961
749,38024
750,38103
751,38129
752,38133
753,38195
754,38228
755,38239
756,38241
757,38267
758,38329
759,38361
760,38379
761,38465
762,38489
763,38643
764,38667
765,38681
766,38696
767,38713
768,38764
769,38769
770,38840
771,38934
772,39048
773,39076
774,39116
775,39144
776,39179
777,39296
778,39371
779,39419
780,39516
781,39519
782,39536
783,39632
784,39695
785,39701
786,39712
787,39719
788,39735
789,39750
790,39820
791,39874
792,39922
793,40012
794,40194
795,40225
796,40245
797,40260
798,40330
799,40343
800,40352
801,40401
802,40505
803,40523
804,40571
805,40585
806,40596
807,40684
808,40706
809,40843
810,40849
811,40955
812,40958
813,41011
814,41021
815,41053
816,41064
817,41090
818,41150
819,41218
820,41334
821,41489
822,41490
823,41526
824,41532
825,41634
826,41655
827,41675
828,41690
829,41743
830,41760
831,41844
832,41873
833,41971
834,41982
835,41992
836,42003
837,42095
838,42191
839,42222
840,42350
841,42351
842,42461
843,42557
844,42641
845,42649
846,42671
847,42683
848,42703
849,42815
850,42831
851,42834
852,42908
853,42911
854,43081
855,43190
856,43213
857,43241
858,43269
859,43279
860,43281
861,43320
862,43334
863,43376
864,43421
865,43464
866,43522
867,43536
868,43549
869,43565
870,43683
871,43686
872,43688
873,43693
874,43728
875,43749
876,43779
877,43795
878,43805
879,43807
880,43825
881,43855
882,43858
883,43920
884,43958
885,43968
886,44010
887,44022
888,44077
889,44214
890,44241
891,44253
892,44290
893,44313
894,44336
895,44352
896,44404
897,44492
898,44558
899,44676
900,44711
901,44734
902,44747
903,44781
904,44801
905,44841
906,44937
907,44995
908,45054
909,45095
910,45188
911,45219
912,45225
913,45307
914,45321
915,45393
916,45479
917,45722
918,45758
919,45834
920,45851
921,45858
922,45907
923,45929
924,45984
925,46017
926,46039
927,46201
928,46255
929,46351
930,46362
931,46394
932,46464
933,46471
934,46489
935,46502
936,46592
937,46603
938,46647
939,46757
940,46776
941,46864
942,46895
943,46896
944,46899
945,46975
946,47003
947,47100
948,47208
949,47241
950,47262
951,47299
952,47340
953,47397
954,47554
955,47578
956,47600
957,47601
958,47626
959,47642
960,47751
961,47836
962,47853
963,47968
964,48047
965,48057
966,48063
967,48087
968,48129
969,48229
970,48260
971,48370
972,48377
973,48382
974,48453
975,48501
976,48626
977,48680
978,48715
979,48767
980,48768
981,48776
982,48784
983,48837
984,48915
985,49061
986,49070
987,49113
988,49214
989,49240
990,49323
991,49347
992,49422
993,49475
994,49491
995,49594
996,49623
997,49635
998,49637
999,49665
1000,49680
1001,49698
1002,49810
1003,49835
1004,49887
1005,49927
1006,49950
1007,49952
1008,49974
1009,50003
1010,50007
1011,50195
1012,50216
1013,50392
1014,50400
1015,50494
1016,50575
1017,50618
1018,50626
1019,50715
1020,50798
1021,50803
1022,50837
1023,50839
1024,50878
1025,50925
1026,50991
1027,51025
1028,51036
1029,51053
1030,51065
1031,51124
1032,51203
1033,51229
1034,51279
1035,51303
1036,51344
1037,51391
1038,51427
1039,51438
1040,51440
1041,51459
1042,51531
1043,51564
1044,51656
1045,51728
1046,51740
1047,51770
1048,51916
1049,51990
1050,51995
1051,52098
1052,52135
1053,52164
1054,52175
1055,52208
1056,52292
1057,52355
1058,52407
1059,52433
1060,52438
1061,52622
1062,52650
1063,52654
1064,52702
1065,52708
1066,52754
1067,52762
1068,52784
1069,52808
1070,52823
1071,52856
1072,52879
1073,52896
1074,52919
1075,52982
1076,53029
1077,53042
1078,53051
1079,53090
1080,53261
1081,53463
1082,53659
1083,53742
1084,53860
1085,53871
1086,53875
1087,54043
1088,54049
1089,54070
1090,54118
1091,54184
1092,54341
1093,54457
1094,54464
1095,54519
1096,54610
1097,54618
1098,54713
1099,54781
1100,54823
1101,54845
1102,54933
1103,54942
1104,55046
1105,55063
1106,55073
1107,55077
1108,55127
1109,55310
1110,55319
1111,55325
1112,55428
1113,55446
1114,55493
1115,55576
1116,55819
1117,55838
1118,55904
1119,55963
1120,56054
1121,56077
1122,56107
1123,56124
1124,56141
1125,56155
1126,56157
1127,56164
1128,56193
1129,56273
1130,56276
1131,56282
1132,56327
1133,56450
1134,56509
1135,56717
1136,56739
1137,56770
1138,56910
1139,56978
1140,56980
1141,57042
1142,57058
1143,57090
1144,57094
1145,57100
1146,57156
1147,57299
1148,57353
1149,57439
1150,57471
1151,57487
1152,57568
1153,57658
1154,57770
1155,57786
1156,57796
1157,57863
1158,57982
1159,57991
1160,57992
1161,58053
1162,58073
1163,58083
1164,58120
1165,58162
1166,58178
1167,58223
1168,58364
1169,58368
1170,58377
1171,58392
1172,58438
1173,58451
1174,58534
1175,58602
1176,58641
1177,58768
1178,58778
1179,58803
1180,58805
1181,58814
1182,58988
1183,58989
1184,59041
1185,59126
1186,59160
1187,59202
1188,59210
1189,59260
1190,59268
1191,59324
1192,59446
1193,59501
1194,59558
1195,59572
1196,59623
1197,59633
1198,59676
1199,59680
1200,59734
1201,59808
1202,59810
1203,59866
1204,59892
1205,59933
1206,59976
1207,60006
1208,60111
1209,60181
1210,60194
1211,60307
1212,60368
1213,60442
1214,60471
1215,60516
1216,60553
1217,60562
1218,60600
1219,60609
1220,60657
1221,60686
1222,60738
1223,60775
1224,60889
1225,60944
1226,60949
1227,60971
1228,60978
1229,60980
1230,61012
1231,61138
1232,61184
1233,61186
1234,61221
1235,61273
1236,61365
1237,61379
1238,61399
1239,61525
1240,61639
1241,61660
1242,61686
1243,61704
1244,61718
1245,61722
1246,61832
1247,61838
1248,61894
1249,61908
1250,61955
1251,61969
1252,62004
1253,62105
1254,62168
1255,62185
1256,62257
1257,62302
1258,62332
1259,62343
1260,62348
1261,62427
1262,62433
1263,62535
1264,62572
1265,62588
1266,62653
1267,62879
1268,63002
1269,63314
1270,63327
1271,63349
1272,63374
1273,63412
1274,63443
1275,63619
1276,63654
1277,63658
1278,63706
1279,63716
1280,63720
1281,63729
1282,63786
1283,63859
1284,63927
1285,63957
1286,63980
1287,64018
1288,64035
1289,64151
1290,64193
1291,64201
1292,64242
1293,64243
1294,64281
1295,64306
1296,64357
1297,64397
1298,64413
1299,64430
1300,64459
1301,64478
1302,64485
1303,64536
1304,64606
1305,64616
1306,64650
1307,64675
1308,64698
1309,64731
1310,64746
1311,64758
1312,64826
1313,64849
1314,64954
1315,65049
1316,65051
1317,65076
1318,65089
1319,65095
1320,65097
1321,65118
1322,65160
1323,65247
1324,65252
1325,65429
1326,65506
1327,65602
1328,65758
1329,65816
1330,65942
1331,65966
1332,65970
1333,65976
1334,66129
1335,66171
1336,66196
1337,66253
1338,66290
1339,66346
1340,66355
1341,66403
1342,66407
1343,66482
1344,66535
1345,66536
1346,66693
1347,66700
1348,66856
1349,66865
1350,66875
1351,66950
1352,66999
1353,67027
1354,67055
1355,67177
1356,67229
1357,67232
1358,67345
1359,67431
1360,67597
1361,67658
1362,67714
1363,67730
1364,67731
1365,67734
1366,67836
1367,67874
1368,67937
1369,67983
1370,68009
1371,68041
1372,68190
1373,68298
1374,68337
1375,68381
1376,68469
1377,68474
1378,68520
1379,68532
1380,68601
1381,68724
1382,68749
1383,68759
1384,68764
1385,68769
1386,68896
1387,68919
1388,68951
1389,68967
1390,69041
1391,69119
1392,69269
1393,69284
1394,69387
1395,69422
1396,69499
1397,69520
1398,69581
1399,69652
1400,69693
1401,69702
1402,69727
1403,69758
1404,69816
1405,69939
1406,69994
1407,70035
1408,70121
1409,70165
1410,70350
1411,70460
1412,70515
1413,70549
1414,70578
1415,70632
1416,70846
1417,70852
1418,70859
1419,70881
1420,70926
1421,70959
1422,70973
1423,70989
1424,71004
1425,71055
1426,71177
1427,71198
1428,71244
1429,71290
1430,71334
1431,71351
1432,71429
1433,71469
1434,71519
1435,71524
1436,71610
1437,71742
1438,71801
1439,71841
1440,71850
1441,71905
1442,71954
1443,71986
1444,71992
1445,72045
1446,72062
1447,72206
1448,72211
1449,72227
1450,72291
1451,72313
1452,72347
1453,72400
1454,72405
1455,72444
1456,72489
1457,72527
1458,72553
1459,72605
1460,72607
1461,72724
1462,72787
1463,72795
1464,72850
1465,72905
1466,73001
1467,73004
1468,73042
1469,73048
1470,73122
1471,73129
1472,73137
1473,73141
1474,73186
1475,73311
1476,73332
1477,73336
1478,73391
1479,73506
1480,73681
1481,73774
1482,73788
1483,73791
1484,73801
1485,73890
1486,73895
1487,73899
1488,74050
1489,74067
1490,74260
1491,74459
1492,74508
1493,74537
1494,74624
1495,74629
1496,74678
1497,74679
1498,74685
1499,74787
1500,74792
1501,74814
1502,74817
1503,74930
1504,74972
1505,74977
1506,74996
1507,75184
1508,75240
1509,75248
1510,75277
1511,75351
1512,75366
1513,75406
1514,75432
1515,75447
1516,75494
1517,75533
1518,75552
1519,75584
1520,75601
1521,75618
1522,75627
1523,75644
1524,75708
1525,75759
1526,75842
1527,75934
1528,76041
1529,76062
1530,76107
1531,76140
1532,76195
1533,76280
1534,76340
1535,76433
1536,76441
1537,76483
1538,76530
1539,76547
1540,76549
1541,76612
1542,76613
1543,76624
1544,76647
1545,76674
1546,76693
1547,76748
1548,76766
1549,76998
1550,77328
1551,77447
1552,77455
1553,77527
1554,77599
1555,77700
1556,77704
1557,77832
1558,77866
1559,77900
1560,77925
1561,78013
1562,78018
1563,78025
1564,78051
1565,78193
1566,78237
1567,78252
1568,78330
1569,78471
1570,78475
1571,78576
1572,78593
1573,78698
1574,78831
1575,78878
1576,78911
1577,78962
1578,78977
1579,79007
1580,79013
1581,79029
1582,79039
1583,79058
1584,79214
1585,79423
1586,79427
1587,79430
1588,79506
1589,79509
1590,79514
1591,79573
1592,79582
1593,79661
1594,79673
1595,79732
1596,79791
1597,79792
1598,79807
1599,79898
1600,79968
1601,79978
1602,79985
1603,80044
1604,80060
1605,80125
1606,80168
1607,80193
1608,80195
1609,80262
1610,80422
1611,80475
1612,80514
1613,80616
1614,80620
1615,80750
1616,80752
1617,80753
1618,80800
1619,80803
1620,80867
1621,80913
1622,80942
1623,81045
1624,81046
1625,81073
1626,81107
1627,81199
1628,81215
1629,81230
1630,81355
1631,81498
1632,81534
1633,81542
1634,81635
1635,81692
1636,81723
1637,81734
1638,81758
1639,81773
1640,81780
1641,81785
1642,81956
1643,81980
1644,81985
1645,82023
1646,82042
1647,82111
1648,82113
1649,82147
1650,82182
1651,82192
1652,82249
1653,82384
1654,82425
1655,82534
1656,82599
1657,82741
1658,82865
1659,82875
1660,82984
1661,82996
1662,83132
1663,83144
1664,83165
1665,83168
1666,83212
1667,83261
1668,83280
1669,83299
1670,83425
1671,83455
1672,83485
1673,83507
1674,83517
1675,83543
1676,83585
1677,83718
1678,83754
1679,83787
1680,83871
1681,83874
1682,83980
1683,84171
1684,84213
1685,84265
1686,84320
1687,84324
1688,84349
1689,84366
1690,84498
1691,84509
1692,84553
1693,84562
1694,84572
1695,84599
1696,84609
1697,84625
1698,84651
1699,84668
1700,84782
1701,84786
1702,84809
1703,84837
1704,84857
1705,84865
1706,85030
1707,85071
1708,85087
1709,85101
1710,85248
1711,85266
1712,85277
1713,85685
1714,85734
1715,85760
1716,85800
1717,85891
1718,85918
1719,85932
1720,85988
1721,86074
1722,86132
1723,86225
1724,86247
1725,86322
1726,86374
1727,86423
1728,86643
1729,86662
1730,86943
1731,86973
1732,87005
1733,87038
1734,87062
1735,87230
1736,87347
1737,87371
1738,87386
1739,87413
1740,87500
1741,87547
1742,87550
1743,87584
1744,87662
1745,87722
1746,87723
1747,87755
1748,87991
1749,88100
1750,88112
1751,88136
1752,88242
1753,88261
1754,88268
1755,88289
1756,88389
1757,88401
1758,88407
1759,88446
1760,88456
1761,88478
1762,88570
1763,88575
1764,88593
1765,88606
1766,88703
1767,88715
1768,88733
1769,88774
1770,88843
1771,88866
1772,88889
1773,88897
1774,88901
1775,89000
1776,89014
1777,89030
1778,89079
1779,89240
1780,89271
1781,89291
1782,89369
1783,89451
1784,89462
1785,89475
1786,89580
1787,89650
1788,89718
1789,89753
1790,89759
1791,89761
1792,89763
1793,89871
1794,89903
1795,89913
1796,89930
1797,89970
1798,89995
1799,90063
1800,90075
1801,90095
1802,90111
1803,90357
1804,90361
1805,90383
1806,90392
1807,90436
1808,90445
1809,90528
1810,90574
1811,90585
1812,90692
1813,90756
1814,90843
1815,90846
1816,90914
1817,90956
1818,91002
1819,91035
1820,91043
1821,91055
1822,91084
1823,91094
1824,91109
1825,91139
1826,91142
1827,91207
1828,91239
1829,91261
1830,91274
1831,91317
1832,91379
1833,91383
1834,91392
1835,91447
1836,91498
1837,91789
1838,91829
1839,91865
1840,91920
1841,91970
1842,91988
1843,92003
1844,92039
1845,92089
1846,92148
1847,92154
1848,92195
1849,92339
1850,92388
1851,92390
1852,92435
1853,92554
1854,92617
1855,92734
1856,92893
1857,92902
1858,92932
1859,93025
1860,93034
1861,93071
1862,93087
1863,93098
1864,93117
1865,93152
1866,93201
1867,93249
1868,93251
1869,93361
1870,93425
1871,93509
1872,93510
1873,93554
1874,93558
1875,93610
1876,93650
1877,93906
1878,94008
1879,94160
1880,94225
1881,94286
1882,94323
1883,94378
1884,94392
1885,94419
1886,94426
1887,94555
1888,94622
1889,94696
1890,94718
1891,94729
1892,94744
1893,94774
1894,94847
1895,94873
1896,94983
1897,94989
1898,95018
1899,95078
1900,95212
1901,95224
1902,95337
1903,95389
1904,95416
1905,95478
1906,95578
1907,95586
1908,95637
1909,95661
1910,95709
1911,95833
1912,95846
1913,95870
1914,95874
1915,95898
1916,95920
1917,95956
1918,95974
1919,96181
1920,96189
1921,96210
1922,96294
1923,96352
1924,96363
1925,96516
1926,96669
1927,96746
1928,96779
1929,96792
1930,96861
1931,96926
1932,96941
1933,96943
1934,96958
1935,97022
1936,97057
1937,97072
1938,97098
1939,97159
1940,97248
1941,97260
1942,97309
1943,97329
1944,97361
1945,97383
1946,97392
1947,97413
1948,97474
1949,97520
1950,97569
1951,97578
1952,97603
1953,97634
1954,97666
1955,97692
1956,97942
1957,97976
1958,98001
1959,98015
1960,98063
1961,98088
1962,98119
1963,98122
1964,98144
1965,98205
1966,98311
1967,98336
1968,98386
1969,98392
1970,98455
1971,98558
1972,98560
1973,98593
1974,98649
1975,98813
1976,98885
1977,98900
1978,98921
1979,98949
1980,98998
1981,99193
1982,99218
1983,99224
1984,99243
1985,99249
1986,99278
1987,99294
1988,99308
1989,99356
1990,99375
1991,99418
1992,99483
1993,99698
1994,99734
1995,99762
1996,99774
1997,99831
1998,99842
1999,99856
