row,source_row,population_position
0,90,82
1,308,276
2,315,283
3,494,443
4,524,471
5,556,502
6,576,520
7,599,542
8,642,576
9,677,609
10,825,741
11,947,847
12,974,874
13,1007,903
14,1088,978
15,1194,1069
16,1287,1152
17,1293,1157
18,1312,1176
19,1343,1203
20,1448,1298
21,1449,1299
22,1463,1311
23,1497,1343
24,1507,1351
25,1624,1454
26,1880,1679
27,1970,1757
28,1991,1777
29,2003,1787
30,2238,1997
31,2249,2007
32,2276,2033
33,2292,2048
34,2300,2056
35,2438,2176
36,2643,2356
37,2741,2443
38,2749,2448
39,2759,2458
40,2778,2473
41,2817,2506
42,2819,2508
43,2875,2561
44,2898,2578
45,2922,2600
46,2967,2639
47,2976,2646
48,3025,2688
49,3037,2698
50,3043,2703
51,3094,2747
52,3105,2758
53,3148,2797
54,3171,2818
55,3218,2864
56,3257,2898
57,3323,2951
58,3374,2995
59,3404,3024
60,3421,3039
61,3489,3100
62,3508,3114
63,3520,3125
64,3558,3157
65,3621,3217
66,3641,3234
67,3663,3255
68,3679,3271
69,3712,3301
70,3715,3304
71,3778,3363
72,3842,3419
73,3876,3452
74,3953,3521
75,3998,3560
76,4080,3637
77,4123,3674
78,4143,3690
79,4168,3713
80,4387,3911
81,4398,3922
82,4421,3942
83,4442,3960
84,4462,3979
85,4690,4188
86,4696,4194
87,4742,4237
88,4809,4295
89,4816,4302
90,4857,4338
91,4870,4349
92,4980,4445
93,5038,4500
94,5089,4545
95,5113,4567
96,5133,4586
97,5141,4593
98,5212,4655
99,5254,4689
100,5284,4719
101,5374,4801
102,5397,4820
103,5411,4833
104,5517,4935
105,5527,4945
106,5606,5016
107,5685,5083
108,5754,5147
109,5794,5183
110,5805,5193
111,5933,5306
112,5934,5307
113,5969,5340
114,5996,5366
115,6042,5406
116,6065,5427
117,6087,5446
118,6219,5566
119,6351,5685
120,6432,5759
121,6493,5812
122,6556,5870
123,6640,5947
124,6741,6040
125,6750,6049
126,6769,6065
127,6779,6075
128,6829,6118
129,6886,6165
130,6897,6175
131,6993,6256
132,7053,6309
133,7187,6432
134,7196,6439
135,7198,6441
136,7228,6467
137,7239,6478
138,7259,6497
139,7298,6534
140,7315,6547
141,7357,6583
142,7420,6634
143,7557,6760
144,7644,6837
145,7662,6855
146,7665,6858
147,7699,6888
148,7749,6932
149,7804,6982
150,7832,7008
151,7835,7010
152,7914,7079
153,8041,7189
154,8055,7203
155,8205,7336
156,8308,7424
157,8362,7474
158,8408,7517
159,8428,7535
160,8431,7538
161,8454,7560
162,8675,7765
163,8679,7769
164,8796,7873
165,8811,7886
166,8853,7923
167,8926,7991
168,9000,8053
169,9006,8059
170,9084,8130
171,9088,8134
172,9100,8145
173,9117,8160
174,9157,8193
175,9162,8198
176,9198,8230
177,9236,8261
178,9273,8294
179,9355,8364
180,9448,8450
181,9471,8472
182,9552,8544
183,9642,8623
184,9747,8714
185,9795,8756
186,9826,8784
187,9836,8794
188,9864,8821
189,9894,8847
190,10077,9007
191,10096,9022
192,10109,9035
193,10164,9087
194,10256,9167
195,10257,9168
196,10411,9310
197,10441,9337
198,10467,9361
199,10571,9455
200,10623,9500
201,10634,9511
202,10657,9532
203,10798,9657
204,10816,9674
205,10854,9711
206,10887,9741
207,10944,9790
208,10949,9795
209,11111,9944
210,11149,9975
211,11262,10078
212,11375,10186
213,11439,10239
214,11442,10242
215,11487,10282
216,11508,10302
217,11670,10452
218,11707,10485
219,11724,10500
220,11780,10553
221,11787,10558
222,11862,10628
223,11870,10635
224,11873,10638
225,11881,10643
226,11882,10644
227,11884,10646
228,11986,10739
229,12074,10819
230,12142,10878
231,12145,10880
232,12180,10910
233,12299,11011
234,12352,11058
235,12405,11107
236,12502,11199
237,12510,11206
238,12538,11229
239,12676,11355
240,12685,11364
241,12699,11377
242,12722,11399
243,12908,11573
244,12976,11636
245,13019,11677
246,13252,11883
247,13431,12044
248,13490,12095
249,13507,12111
250,13534,12135
251,13540,12141
252,13546,12147
253,13560,12161
254,13596,12193
255,13647,12240
256,13661,12252
257,13664,12254
258,13842,12416
259,14086,12634
260,14102,12649
261,14106,12653
262,14135,12681
263,14148,12692
264,14202,12743
265,14317,12850
266,14360,12891
267,14397,12926
268,14415,12943
269,14419,12945
270,14476,12992
271,14496,13011
272,14555,13064
273,14587,13095
274,14588,13096
275,14622,13120
276,14637,13133
277,14681,13176
278,14718,13210
279,14816,13301
280,14884,13366
281,14898,13379
282,14963,13431
283,14986,13449
284,15019,13478
285,15032,13490
286,15034,13492
287,15158,13598
288,15159,13599
289,15173,13612
290,15189,13627
291,15210,13645
292,15234,13668
293,15263,13695
294,15295,13726
295,15323,13751
296,15373,13797
297,15570,13977
298,15581,13987
299,15593,13997
300,15664,14062
301,15720,14110
302,15876,14243
303,15906,14269
304,15916,14275
305,15919,14278
306,15977,14328
307,15986,14334
308,16032,14371
309,16097,14432
310,16184,14516
311,16258,14582
312,16263,14587
313,16270,14593
314,16322,14640
315,16326,14644
316,16394,14704
317,16398,14708
318,16438,14746
319,16508,14813
320,16512,14817
321,16547,14849
322,16578,14879
323,16674,14968
324,16701,14993
325,16708,14999
326,16800,15083
327,16831,15109
328,16832,15110
329,16861,15137
330,16911,15184
331,16932,15205
332,16964,15233
333,17020,15280
334,17032,15290
335,17120,15371
336,17201,15443
337,17208,15449
338,17243,15482
339,17338,15569
340,17406,15626
341,17504,15714
342,17517,15726
343,17540,15747
344,17605,15807
345,17619,15820
346,17631,15831
347,17632,15832
348,17693,15889
349,17698,15894
350,17742,15931
351,17794,15978
352,17969,16135
353,18095,16246
354,18121,16272
355,18219,16361
356,18220,16362
357,18247,16387
358,18287,16425
359,18350,16482
360,18395,16521
361,18448,16566
362,18668,16774
363,18699,16802
364,18824,16919
365,18851,16945
366,18879,16969
367,18883,16973
368,18954,17037
369,18959,17041
370,18969,17051
371,19029,17101
372,19086,17155
373,19145,17208
374,19161,17223
375,19167,17229
376,19176,17237
377,19351,17399
378,19462,17497
379,19500,17529
380,19543,17565
381,19547,17569
382,19630,17644
383,19662,17672
384,19704,17709
385,19747,17746
386,19771,17766
387,19812,17802
388,19880,17865
389,19910,17892
390,19999,17977
391,20029,18006
392,20048,18023
393,20070,18042
394,20168,18129
395,20266,18216
396,20351,18291
397,20384,18320
398,20503,18421
399,20520,18437
400,20523,18440
401,20551,18467
402,20620,18525
403,20644,18546
404,20650,18552
405,20812,18696
406,20908,18777
407,20927,18795
408,20947,18815
409,20952,18820
410,21012,18869
411,21014,18871
412,21049,18904
413,21075,18929
414,21119,18968
415,21131,18980
416,21236,19080
417,21243,19086
418,21266,19107
419,21304,19140
420,21460,19285
421,21559,19379
422,21618,19434
423,21652,19467
424,21655,19469
425,21669,19481
426,21740,19544
427,21760,19561
428,21778,19577
429,21829,19623
430,21876,19662
431,21912,19693
432,21992,19763
433,22006,19775
434,22038,19806
435,22040,19808
436,22112,19875
437,22255,20007
438,22318,20065
439,22479,20206
440,22493,20220
441,22519,20244
442,22582,20296
443,22637,20350
444,22829,20523
445,22869,20563
446,22889,20581
447,22912,20601
448,22917,20606
449,23019,20699
450,23111,20786
451,23130,20803
452,23143,20815
453,23181,20849
454,23199,20864
455,23257,20918
456,23274,20934
457,23303,20963
458,23373,21023
459,23565,21197
460,23567,21199
461,23660,21281
462,23670,21290
463,23756,21369
464,23794,21401
465,23824,21428
466,23978,21566
467,24011,21598
468,24030,21614
469,24087,21663
470,24103,21678
471,24106,21680
472,24226,21792
473,24312,21871
474,24319,21877
475,24397,21947
476,24446,21993
477,24465,22009
478,24475,22017
479,24700,22218
480,24716,22232
481,24725,22240
482,24813,22316
483,24846,22347
484,24872,22371
485,24905,22401
486,24999,22480
487,25002,22483
488,25050,22528
489,25093,22565
490,25135,22604
491,25178,22640
492,25227,22685
493,25244,22701
494,25267,22723
495,25278,22733
496,25303,22756
497,25306,22759
498,25342,22792
499,25345,22794
500,25486,22915
501,25516,22942
502,25544,22967
503,25549,22972
504,25588,23011
505,25596,23019
506,25602,23025
507,25730,23139
508,25776,23179
509,25826,23223
510,26070,23443
511,26093,23465
512,26108,23478
513,26213,23576
514,26237,23598
515,26274,23632
516,26301,23658
517,26336,23692
518,26491,23830
519,26508,23846
520,26581,23911
521,26598,23926
522,26808,24085
523,26816,24093
524,26842,24110
525,26856,24120
526,26931,24179
527,26945,24192
528,26970,24205
529,27020,24242
530,27022,24243
531,27129,24322
532,27183,24356
533,27289,24438
534,27536,24618
535,27661,24702
536,27780,24791
537,27879,24870
538,27975,24948
539,28007,24978
540,28014,24984
541,28140,25100
542,28293,25243
543,28321,25268
544,28349,25294
545,28378,25320
546,28399,25338
547,28428,25364
548,28634,25551
549,28693,25604
550,28794,25688
551,28798,25692
552,28828,25720
553,28916,25801
554,28925,25809
555,28966,25846
556,28979,25859
557,29023,25899
558,29028,25904
559,29080,25951
560,29083,25954
561,29224,26083
562,29251,26107
563,29307,26157
564,29317,26167
565,29412,26252
566,29425,26262
567,29620,26431
568,29709,26514
569,29800,26597
570,29847,26642
571,29852,26646
572,29857,26650
573,29871,26664
574,29911,26701
575,29970,26756
576,30094,26862
577,30121,26887
578,30136,26900
579,30166,26926
580,30211,26965
581,30265,27013
582,30268,27016
583,30342,27083
584,30393,27130
585,30423,27160
586,30433,27168
587,30439,27174
588,30441,27176
589,30445,27180
590,30509,27237
591,30510,27238
592,30513,27240
593,30543,27267
594,30638,27354
595,30639,27355
596,30690,27399
597,30713,27422
598,30740,27448
599,30791,27496
600,30807,27512
601,30853,27549
602,30863,27559
603,30928,27618
604,30994,27678
605,31021,27701
606,31083,27752
607,31093,27761
608,31116,27781
609,31132,27796
610,31144,27808
611,31218,27873
612,31265,27917
613,31267,27918
614,31277,27928
615,31292,27943
616,31377,28022
617,31475,28110
618,31499,28130
619,31505,28136
620,31596,28217
621,31607,28226
622,31639,28254
623,31646,28260
624,31705,28313
625,31742,28346
626,31792,28390
627,31894,28484
628,31900,28490
629,31916,28504
630,31923,28511
631,31948,28535
632,32004,28586
633,32056,28632
634,32124,28694
635,32163,28724
636,32185,28745
637,32212,28770
638,32343,28891
639,32581,29113
640,32629,29158
641,32684,29203
642,32741,29254
643,32742,29255
644,32855,29361
645,32922,29421
646,32939,29437
647,32945,29442
648,32977,29469
649,32993,29485
650,33000,29492
651,33084,29569
652,33092,29576
653,33093,29577
654,33112,29593
655,33135,29611
656,33151,29625
657,33157,29630
658,33284,29748
659,33338,29798
660,33452,29900
661,33563,29999
662,33652,30077
663,33699,30115
664,33807,30209
665,33842,30244
666,33863,30263
667,33913,30307
668,33949,30342
669,33997,30384
670,34062,30442
671,34087,30464
672,34153,30525
673,34207,30572
674,34235,30598
675,34327,30680
676,34341,30690
677,34378,30723
678,34384,30729
679,34394,30738
680,34465,30797
681,34526,30851
682,34544,30867
683,34551,30873
684,34559,30878
685,34597,30909
686,34605,30915
687,34650,30957
688,34690,30997
689,34696,31002
690,34752,31054
691,34839,31132
692,34860,31152
693,34891,31179
694,34933,31215
695,34935,31217
696,34980,31260
697,35037,31311
698,35067,31338
699,35083,31349
700,35109,31373
701,35204,31460
702,35256,31504
703,35359,31592
704,35408,31637
705,35434,31661
706,35474,31697
707,35486,31707
708,35516,31735
709,35612,31816
710,35613,31817
711,35911,32081
712,35982,32148
713,35983,32149
714,36167,32307
715,36233,32365
716,36253,32384
717,36279,32406
718,36299,32422
719,36303,32426
720,36305,32428
721,36511,32614
722,36526,32627
723,36550,32649
724,36567,32665
725,36605,32701
726,36633,32725
727,36644,32735
728,36742,32824
729,36752,32834
730,36852,32924
731,36881,32951
732,36900,32967
733,36906,32972
734,36950,33012
735,36993,33052
736,37015,33072
737,37044,33096
738,37116,33159
739,37165,33205
740,37190,33226
741,37261,33287
742,37315,33338
743,37320,33343
744,37393,33408
745,37395,33410
746,37436,33447
747,37470,33477
748,37533,33526
749,37557,33549
750,37584,33576
751,37614,33605
752,37620,33610
753,37648,33632
754,37698,33675
755,37729,33702
756,37740,33711
757,37776,33742
758,37878,33832
759,38013,33954
760,38037,33976
761,38104,34040
762,38109,34045
763,38152,34084
764,38179,34108
765,38204,34130
766,38211,34136
767,38337,34252
768,38463,34366
769,38539,34437
770,38548,34446
771,38552,34450
772,38571,34467
773,38627,34516
774,38657,34545
775,38670,34557
776,38681,34566
777,38688,34573
778,38710,34592
779,38745,34622
780,38784,34655
781,38813,34682
782,38816,34685
783,38883,34746
784,38936,34795
785,39016,34868
786,39037,34886
787,39061,34908
788,39105,34944
789,39114,34953
790,39191,35025
791,39215,35045
792,39224,35053
793,39231,35060
794,39312,35134
795,39371,35184
796,39389,35201
797,39447,35251
798,39528,35323
799,39554,35346
800,39656,35440
801,39722,35499
802,39777,35549
803,39839,35607
804,39853,35621
805,39897,35658
806,39951,35709
807,39978,35733
808,39992,35745
809,39996,35749
810,40001,35753
811,40047,35794
812,40054,35799
813,40124,35862
814,40241,35969
815,40298,36019
816,40390,36098
817,40586,36282
818,40588,36284
819,40851,36515
820,41061,36701
821,41182,36814
822,41324,36941
823,41336,36952
824,41359,36969
825,41379,36987
826,41445,37041
827,41462,37058
828,41566,37150
829,41608,37188
830,41639,37217
831,41648,37226
832,41709,37278
833,41723,37287
834,41742,37304
835,41751,37312
836,41762,37321
837,41810,37364
838,41830,37383
839,41854,37404
840,41885,37432
841,42040,37571
842,42125,37644
843,42182,37698
844,42266,37775
845,42272,37781
846,42313,37820
847,42368,37869
848,42378,37879
849,42438,37932
850,42458,37948
851,42472,37962
852,42521,38010
853,42596,38080
854,42599,38083
855,42604,38088
856,42626,38109
857,42655,38133
858,42675,38153
859,42721,38196
860,42730,38204
861,42849,38308
862,42878,38332
863,42994,38437
864,43219,38641
865,43235,38655
866,43367,38777
867,43372,38782
868,43431,38831
869,43471,38866
870,43478,38873
871,43599,38981
872,43655,39031
873,43706,39077
874,43712,39083
875,43989,39333
876,44009,39349
877,44084,39416
878,44130,39456
879,44133,39459
880,44134,39460
881,44269,39576
882,44298,39602
883,44335,39635
884,44344,39643
885,44405,39695
886,44441,39727
887,44534,39811
888,44538,39814
889,44550,39824
890,44590,39863
891,44595,39868
892,44606,39877
893,44647,39913
894,44660,39925
895,44686,39949
896,44689,39952
897,44703,39966
898,44712,39974
899,44828,40079
900,44850,40095
901,44895,40134
902,44908,40147
903,44910,40149
904,44930,40167
905,45046,40274
906,45062,40287
907,45074,40299
908,45082,40307
909,45269,40472
910,45312,40512
911,45385,40580
912,45428,40620
913,45486,40671
914,45487,40672
915,45528,40709
916,45594,40773
917,45705,40871
918,45842,40993
919,45854,41004
920,45859,41009
921,45895,41041
922,45962,41104
923,45967,41109
924,45974,41116
925,45991,41133
926,46030,41167
927,46034,41170
928,46056,41191
929,46106,41239
930,46143,41272
931,46176,41301
932,46190,41314
933,46301,41418
934,46304,41421
935,46343,41459
936,46438,41544
937,46459,41564
938,46493,41591
939,46501,41598
940,46684,41768
941,46761,41839
942,46814,41886
943,46838,41909
944,46912,41969
945,46917,41974
946,46937,41991
947,46981,42031
948,46985,42035
949,47059,42102
950,47185,42214
951,47218,42245
952,47229,42254
953,47246,42268
954,47422,42422
955,47455,42449
956,47554,42536
957,47624,42603
958,47631,42610
959,47698,42670
960,47719,42689
961,47737,42705
962,47768,42732
963,47791,42755
964,47810,42772
965,47826,42788
966,47857,42816
967,47871,42828
968,47886,42841
969,48005,42954
970,48043,42984
971,48066,43004
972,48133,43065
973,48256,43177
974,48324,43237
975,48354,43265
976,48506,43403
977,48538,43427
978,48583,43466
979,48596,43477
980,48610,43490
981,48634,43511
982,48645,43522
983,48728,43601
984,48831,43693
985,48904,43757
986,48917,43770
987,48929,43782
988,48935,43788
989,48950,43800
990,48959,43809
991,49158,43994
992,49181,44017
993,49211,44045
994,49278,44107
995,49305,44131
996,49355,44179
997,49531,44338
998,49660,44459
999,49695,44492
1000,49750,44538
1001,49763,44549
1002,49809,44589
1003,50000,44765
1004,50025,44787
1005,50062,44818
1006,50100,44851
1007,50225,44961
1008,50286,45019
1009,50336,45062
1010,50467,45179
1011,50499,45208
1012,50550,45256
1013,50585,45290
1014,50618,45322
1015,50628,45332
1016,50678,45373
1017,50726,45417
1018,50786,45473
1019,50799,45486
1020,50808,45495
1021,50871,45549
1022,50881,45558
1023,50921,45594
1024,50937,45610
1025,51007,45675
1026,51019,45685
1027,51087,45744
1028,51178,45821
1029,51247,45880
1030,51249,45882
1031,51376,45999
1032,51504,46112
1033,51524,46130
1034,51560,46164
1035,51578,46180
1036,51592,46192
1037,51638,46234
1038,51654,46249
1039,51737,46321
1040,51748,46332
1041,51774,46355
1042,51825,46400
1043,51843,46414
1044,51860,46430
1045,51908,46474
1046,51922,46486
1047,52013,46570
1048,52021,46577
1049,52037,46590
1050,52067,46616
1051,52145,46683
1052,52149,46687
1053,52159,46696
1054,52164,46700
1055,52263,46786
1056,52296,46816
1057,52353,46864
1058,52388,46896
1059,52462,46962
1060,52483,46981
1061,52505,47001
1062,52668,47146
1063,52816,47278
1064,52945,47397
1065,52949,47400
1066,52958,47409
1067,52972,47422
1068,53049,47494
1069,53083,47525
1070,53086,47528
1071,53089,47531
1072,53127,47566
1073,53157,47591
1074,53199,47628
1075,53220,47647
1076,53288,47709
1077,53369,47781
1078,53419,47823
1079,53572,47964
1080,53581,47971
1081,53663,48043
1082,53694,48072
1083,53711,48087
1084,53774,48146
1085,53817,48188
1086,53876,48240
1087,53925,48284
1088,53936,48294
1089,54118,48461
1090,54167,48507
1091,54199,48538
1092,54320,48648
1093,54352,48676
1094,54360,48684
1095,54370,48693
1096,54633,48936
1097,54650,48949
1098,54773,49064
1099,54873,49157
1100,54874,49158
1101,54888,49170
1102,55016,49283
1103,55168,49422
1104,55180,49432
1105,55212,49462
1106,55222,49471
1107,55239,49485
1108,55254,49500
1109,55279,49522
1110,55310,49550
1111,55449,49679
1112,55466,49695
1113,55510,49734
1114,55520,49743
1115,55546,49766
1116,55632,49836
1117,55672,49873
1118,55684,49884
1119,55699,49897
1120,55757,49947
1121,55773,49959
1122,55845,50023
1123,56034,50191
1124,56235,50364
1125,56314,50437
1126,56354,50472
1127,56355,50473
1128,56476,50589
1129,56497,50610
1130,56588,50684
1131,56636,50724
1132,56677,50761
1133,56699,50782
1134,56728,50809
1135,56813,50888
1136,56929,50991
1137,56968,51029
1138,56991,51050
1139,57022,51075
1140,57064,51112
1141,57080,51128
1142,57100,51147
1143,57117,51163
1144,57148,51187
1145,57181,51217
1146,57221,51255
1147,57373,51397
1148,57517,51524
1149,57688,51680
1150,57769,51751
1151,57793,51773
1152,57833,51811
1153,57870,51846
1154,57887,51861
1155,57972,51936
1156,58124,52075
1157,58151,52101
1158,58171,52119
1159,58275,52211
1160,58289,52223
1161,58302,52235
1162,58307,52240
1163,58379,52306
1164,58420,52345
1165,58470,52392
1166,58546,52459
1167,58575,52483
1168,58624,52526
1169,58822,52703
1170,58862,52738
1171,58969,52831
1172,58979,52841
1173,59019,52875
1174,59072,52923
1175,59109,52955
1176,59128,52974
1177,59192,53031
1178,59302,53131
1179,59346,53172
1180,59489,53298
1181,59600,53395
1182,59649,53440
1183,59742,53522
1184,59807,53581
1185,59819,53592
1186,59828,53600
1187,59893,53659
1188,59938,53700
1189,59971,53727
1190,59994,53747
1191,60056,53805
1192,60090,53836
1193,60177,53910
1194,60191,53923
1195,60197,53929
1196,60203,53935
1197,60246,53972
1198,60288,54009
1199,60305,54022
1200,60336,54048
1201,60545,54240
1202,60567,54260
1203,60587,54277
1204,60622,54310
1205,60665,54349
1206,60701,54382
1207,60710,54390
1208,60867,54532
1209,60897,54561
1210,60912,54575
1211,60964,54620
1212,60980,54635
1213,60987,54642
1214,61030,54681
1215,61054,54704
1216,61152,54793
1217,61163,54804
1218,61165,54806
1219,61220,54855
1220,61276,54908
1221,61333,54956
1222,61363,54979
1223,61417,55027
1224,61457,55062
1225,61464,55069
1226,61640,55229
1227,61642,55231
1228,61663,55249
1229,61664,55250
1230,61672,55256
1231,61801,55369
1232,61846,55414
1233,61867,55434
1234,61886,55452
1235,61951,55507
1236,61989,55542
1237,62116,55655
1238,62119,55658
1239,62131,55670
1240,62147,55685
1241,62194,55727
1242,62199,55732
1243,62254,55784
1244,62287,55814
1245,62379,55897
1246,62392,55910
1247,62504,56006
1248,62613,56105
1249,62698,56179
1250,62758,56234
1251,62788,56259
1252,62796,56267
1253,62810,56279
1254,62938,56396
1255,62960,56417
1256,63031,56481
1257,63054,56501
1258,63068,56513
1259,63077,56522
1260,63158,56595
1261,63313,56734
1262,63611,56999
1263,63710,57088
1264,63719,57095
1265,63729,57105
1266,63779,57155
1267,63789,57163
1268,63822,57189
1269,63854,57218
1270,63859,57223
1271,63861,57225
1272,63935,57291
1273,63987,57340
1274,63992,57345
1275,64044,57391
1276,64061,57406
1277,64187,57521
1278,64344,57661
1279,64464,57767
1280,64532,57830
1281,64593,57883
1282,64729,58008
1283,64734,58013
1284,64917,58174
1285,64920,58177
1286,64954,58205
1287,64988,58236
1288,65050,58294
1289,65064,58307
1290,65090,58332
1291,65130,58367
1292,65163,58397
1293,65169,58400
1294,65340,58549
1295,65356,58563
1296,65381,58587
1297,65459,58661
1298,65474,58674
1299,65599,58786
1300,65632,58817
1301,65650,58832
1302,65723,58898
1303,65730,58904
1304,65750,58924
1305,65781,58947
1306,65823,58987
1307,65834,58998
1308,65863,59026
1309,65960,59117
1310,66027,59170
1311,66039,59181
1312,66074,59212
1313,66216,59344
1314,66220,59347
1315,66233,59358
1316,66254,59373
1317,66293,59407
1318,66380,59485
1319,66429,59529
1320,66537,59627
1321,66577,59665
1322,66634,59715
1323,66652,59732
1324,66659,59737
1325,66665,59742
1326,66684,59758
1327,66690,59763
1328,66695,59767
1329,66707,59778
1330,66765,59832
1331,66807,59871
1332,66812,59876
1333,66829,59893
1334,66850,59911
1335,67112,60144
1336,67120,60151
1337,67123,60154
1338,67139,60168
1339,67149,60177
1340,67194,60221
1341,67283,60305
1342,67288,60310
1343,67509,60515
1344,67526,60531
1345,67530,60535
1346,67555,60556
1347,67567,60567
1348,67689,60679
1349,67790,60771
1350,67829,60808
1351,67843,60822
1352,67845,60824
1353,67900,60874
1354,67943,60913
1355,68038,61003
1356,68040,61005
1357,68048,61011
1358,68129,61088
1359,68287,61229
1360,68312,61253
1361,68327,61267
1362,68355,61291
1363,68359,61295
1364,68604,61515
1365,68626,61535
1366,68692,61596
1367,68707,61610
1368,68728,61631
1369,68761,61661
1370,68771,61670
1371,68853,61744
1372,68995,61867
1373,69063,61930
1374,69081,61947
1375,69090,61956
1376,69128,61991
1377,69284,62128
1378,69286,62130
1379,69370,62206
1380,69550,62362
1381,69647,62446
1382,69863,62643
1383,69895,62672
1384,69900,62676
1385,70047,62808
1386,70078,62837
1387,70194,62943
1388,70281,63025
1389,70325,63067
1390,70332,63073
1391,70337,63077
1392,70471,63201
1393,70478,63208
1394,70492,63220
1395,70555,63277
1396,70613,63327
1397,70641,63352
1398,70716,63418
1399,70867,63558
1400,70900,63589
1401,70929,63617
1402,71056,63729
1403,71171,63832
1404,71189,63847
1405,71222,63879
1406,71225,63882
1407,71255,63909
1408,71383,64029
1409,71406,64046
1410,71412,64051
1411,71486,64120
1412,71573,64199
1413,71628,64243
1414,71705,64312
1415,71763,64366
1416,71766,64369
1417,71770,64372
1418,71814,64411
1419,71846,64442
1420,71872,64464
1421,71887,64478
1422,71926,64510
1423,71990,64570
1424,72013,64590
1425,72115,64688
1426,72153,64725
1427,72247,64807
1428,72251,64809
1429,72286,64843
1430,72290,64847
1431,72374,64921
1432,72476,65012
1433,72480,65016
1434,72481,65017
1435,72507,65038
1436,72566,65094
1437,72572,65100
1438,72787,65294
1439,72802,65309
1440,72895,65387
1441,72928,65415
1442,72929,65416
1443,73015,65493
1444,73085,65558
1445,73154,65624
1446,73186,65652
1447,73189,65655
1448,73193,65658
1449,73234,65692
1450,73238,65696
1451,73295,65745
1452,73343,65789
1453,73404,65840
1454,73432,65866
1455,73465,65895
1456,73496,65926
1457,73528,65957
1458,73626,66043
1459,73764,66166
1460,73804,66202
1461,73902,66293
1462,73930,66317
1463,73938,66325
1464,73994,66378
1465,74010,66393
1466,74019,66401
1467,74098,66468
1468,74139,66502
1469,74150,66512
1470,74220,66571
1471,74391,66727
1472,74397,66732
1473,74462,66792
1474,74626,66939
1475,74666,66976
1476,74739,67040
1477,74740,67041
1478,74885,67173
1479,74951,67232
1480,75025,67294
1481,75273,67523
1482,75290,67535
1483,75433,67661
1484,75491,67716
1485,75494,67719
1486,75535,67755
1487,75573,67788
1488,75586,67801
1489,75604,67819
1490,75646,67858
1491,75701,67908
1492,75771,67967
1493,75834,68026
1494,75896,68086
1495,75920,68109
1496,75932,68119
1497,75970,68153
1498,76020,68196
1499,76048,68221
1500,76066,68239
1501,76083,68254
1502,76110,68280
1503,76390,68541
1504,76565,68702
1505,76649,68778
1506,76688,68813
1507,76709,68832
1508,76742,68860
1509,76749,68867
1510,76758,68876
1511,76830,68940
1512,76872,68979
1513,76876,68983
1514,76880,68987
1515,76881,68988
1516,76905,69010
1517,76953,69055
1518,76962,69063
1519,77018,69115
1520,77059,69150
1521,77072,69161
1522,77078,69166
1523,77092,69179
1524,77110,69194
1525,77114,69198
1526,77199,69273
1527,77205,69279
1528,77208,69282
1529,77210,69284
1530,77285,69350
1531,77328,69392
1532,77397,69458
1533,77415,69474
1534,77451,69505
1535,77522,69571
1536,77541,69587
1537,77558,69602
1538,77593,69634
1539,77643,69680
1540,77690,69725
1541,77788,69810
1542,77792,69813
1543,77914,69924
1544,77947,69956
1545,77969,69977
1546,78056,70056
1547,78076,70074
1548,78132,70128
1549,78145,70141
1550,78165,70160
1551,78247,70230
1552,78368,70333
1553,78426,70387
1554,78469,70422
1555,78486,70438
1556,78505,70452
1557,78563,70502
1558,78724,70650
1559,78854,70768
1560,78866,70779
1561,78904,70813
1562,78959,70858
1563,78968,70865
1564,79037,70928
1565,79073,70964
1566,79147,71034
1567,79159,71043
1568,79201,71082
1569,79217,71096
1570,79244,71119
1571,79296,71168
1572,79471,71322
1573,79478,71329
1574,79556,71399
1575,79633,71468
1576,79647,71480
1577,79671,71503
1578,79714,71540
1579,79719,71544
1580,79735,71559
1581,79753,71575
1582,79799,71617
1583,79877,71686
1584,79896,71704
1585,79905,71713
1586,79976,71774
1587,79983,71781
1588,80073,71862
1589,80076,71865
1590,80259,72032
1591,80328,72099
1592,80340,72110
1593,80378,72146
1594,80417,72180
1595,80530,72287
1596,80574,72324
1597,80617,72362
1598,80659,72400
1599,80739,72471
1600,80751,72482
1601,80762,72493
1602,80823,72549
1603,80850,72573
1604,80882,72602
1605,80911,72627
1606,80914,72630
1607,81125,72819
1608,81232,72916
1609,81286,72967
1610,81314,72993
1611,81334,73009
1612,81335,73010
1613,81367,73042
1614,81368,73043
1615,81390,73060
1616,81401,73070
1617,81641,73291
1618,81677,73323
1619,81731,73372
1620,81784,73417
1621,81960,73571
1622,81999,73608
1623,82146,73740
1624,82151,73744
1625,82154,73747
1626,82277,73858
1627,82381,73949
1628,82399,73965
1629,82428,73992
1630,82531,74087
1631,82567,74121
1632,82576,74129
1633,82579,74132
1634,82635,74181
1635,82680,74222
1636,82735,74273
1637,82748,74285
1638,82798,74327
1639,82852,74376
1640,82914,74434
1641,82926,74445
1642,83008,74514
1643,83021,74525
1644,83049,74549
1645,83059,74559
1646,83075,74573
1647,83106,74602
1648,83287,74759
1649,83307,74776
1650,83313,74781
1651,83621,75057
1652,83672,75103
1653,83705,75136
1654,83741,75168
1655,83803,75228
1656,83848,75267
1657,83917,75332
1658,83977,75388
1659,83988,75397
1660,83993,75402
1661,84023,75428
1662,84047,75450
1663,84050,75453
1664,84365,75735
1665,84484,75843
1666,84492,75851
1667,84529,75887
1668,84547,75905
1669,84557,75914
1670,84613,75966
1671,84635,75987
1672,84644,75996
1673,84740,76079
1674,84743,76082
1675,84796,76128
1676,84798,76130
1677,84829,76156
1678,84948,76258
1679,84966,76273
1680,84998,76302
1681,85002,76306
1682,85081,76383
1683,85086,76388
1684,85103,76401
1685,85129,76422
1686,85148,76439
1687,85155,76445
1688,85206,76493
1689,85207,76494
1690,85276,76554
1691,85312,76587
1692,85362,76631
1693,85518,76769
1694,85636,76873
1695,85657,76893
1696,85665,76901
1697,85677,76912
1698,85680,76915
1699,85749,76980
1700,85829,77051
1701,85860,77077
1702,85880,77097
1703,85956,77167
1704,86002,77205
1705,86055,77253
1706,86191,77374
1707,86214,77392
1708,86284,77454
1709,86400,77565
1710,86429,77591
1711,86560,77706
1712,86942,78052
1713,86972,78078
1714,87043,78143
1715,87048,78146
1716,87066,78163
1717,87085,78181
1718,87112,78204
1719,87139,78230
1720,87266,78340
1721,87283,78354
1722,87329,78396
1723,87373,78437
1724,87394,78458
1725,87401,78465
1726,87427,78487
1727,87666,78705
1728,87726,78759
1729,87779,78803
1730,87830,78848
1731,87857,78872
1732,87974,78981
1733,87988,78993
1734,88045,79044
1735,88048,79046
1736,88076,79074
1737,88079,79076
1738,88256,79228
1739,88308,79275
1740,88407,79363
1741,88438,79391
1742,88503,79451
1743,88508,79456
1744,88570,79509
1745,88618,79555
1746,88623,79560
1747,88693,79621
1748,88761,79682
1749,88783,79703
1750,88792,79709
1751,88820,79735
1752,88836,79748
1753,88882,79787
1754,88945,79844
1755,89147,80021
1756,89173,80047
1757,89174,80048
1758,89242,80104
1759,89410,80257
1760,89420,80267
1761,89565,80400
1762,89593,80426
1763,89661,80484
1764,89672,80493
1765,89773,80586
1766,89813,80624
1767,89816,80627
1768,89903,80702
1769,89921,80719
1770,89980,80773
1771,89994,80785
1772,90005,80795
1773,90064,80850
1774,90078,80863
1775,90086,80871
1776,90089,80874
1777,90213,80986
1778,90344,81106
1779,90349,81110
1780,90389,81143
1781,90448,81198
1782,90487,81235
1783,90521,81265
1784,90558,81301
1785,90638,81370
1786,90704,81427
1787,90719,81442
1788,90738,81457
1789,90743,81462
1790,90776,81492
1791,90790,81502
1792,90792,81504
1793,90870,81575
1794,90881,81586
1795,90885,81590
1796,90978,81673
1797,91000,81694
1798,91046,81736
1799,91059,81748
1800,91104,81788
1801,91174,81850
1802,91188,81862
1803,91287,81953
1804,91291,81957
1805,91308,81970
1806,91321,81982
1807,91500,82135
1808,91652,82270
1809,91758,82363
1810,91766,82370
1811,91824,82421
1812,91836,82432
1813,91897,82488
1814,91905,82495
1815,92013,82590
1816,92036,82610
1817,92037,82611
1818,92056,82628
1819,92086,82657
1820,92235,82798
1821,92243,82806
1822,92278,82838
1823,92321,82877
1824,92391,82938
1825,92399,82945
1826,92409,82955
1827,92488,83026
1828,92505,83043
1829,92508,83046
1830,92565,83099
1831,92578,83112
1832,92584,83118
1833,92625,83152
1834,92635,83162
1835,92682,83205
1836,92697,83217
1837,92707,83227
1838,92709,83229
1839,92710,83230
1840,92755,83270
1841,92783,83294
1842,92851,83353
1843,92889,83387
1844,92940,83431
1845,92965,83455
1846,93024,83513
1847,93055,83539
1848,93091,83570
1849,93104,83583
1850,93114,83592
1851,93200,83671
1852,93368,83810
1853,93386,83826
1854,93395,83834
1855,93525,83949
1856,93533,83957
1857,93569,83988
1858,93612,84028
1859,93625,84040
1860,93630,84045
1861,93678,84088
1862,93683,84093
1863,93695,84103
1864,93781,84178
1865,93850,84237
1866,93887,84269
1867,93942,84319
1868,93974,84349
1869,94095,84457
1870,94192,84542
1871,94303,84643
1872,94363,84699
1873,94418,84746
1874,94475,84794
1875,94483,84802
1876,94490,84808
1877,94501,84818
1878,94545,84858
1879,94657,84961
1880,94682,84985
1881,94691,84993
1882,94697,84998
1883,94768,85062
1884,94928,85214
1885,94996,85276
1886,94998,85278
1887,95143,85406
1888,95146,85409
1889,95234,85489
1890,95246,85501
1891,95274,85529
1892,95289,85541
1893,95306,85557
1894,95347,85596
1895,95383,85632
1896,95439,85682
1897,95447,85690
1898,95470,85710
1899,95488,85728
1900,95542,85777
1901,95575,85805
1902,95656,85880
1903,95738,85953
1904,95773,85986
1905,95804,86013
1906,95823,86030
1907,95883,86081
1908,95961,86153
1909,95979,86168
1910,95992,86181
1911,96009,86195
1912,96052,86230
1913,96073,86249
1914,96119,86290
1915,96129,86299
1916,96215,86378
1917,96238,86398
1918,96259,86418
1919,96274,86432
1920,96285,86441
1921,96291,86445
1922,96309,86462
1923,96342,86494
1924,96383,86532
1925,96393,86541
1926,96510,86647
1927,96511,86648
1928,96568,86699
1929,96609,86735
1930,96624,86749
1931,96758,86875
1932,96801,86916
1933,96866,86980
1934,96904,87014
1935,96955,87058
1936,96979,87079
1937,96997,87095
1938,97032,87125
1939,97155,87229
1940,97168,87238
1941,97175,87245
1942,97248,87312
1943,97265,87329
1944,97288,87349
1945,97318,87377
1946,97351,87405
1947,97382,87434
1948,97473,87516
1949,97603,87632
1950,97622,87649
1951,97640,87666
1952,97663,87686
1953,97728,87743
1954,97799,87810
1955,97832,87840
1956,97856,87862
1957,97973,87966
1958,98046,88031
1959,98173,88141
1960,98223,88186
1961,98329,88284
1962,98363,88313
1963,98386,88334
1964,98426,88369
1965,98480,88422
1966,98492,88433
1967,98498,88438
1968,98550,88486
1969,98580,88513
1970,98600,88532
1971,98638,88567
1972,98642,88570
1973,98709,88632
1974,98712,88635
1975,98721,88643
1976,98770,88687
1977,98798,88713
1978,98831,88743
1979,98993,88884
1980,99045,88930
1981,99203,89070
1982,99205,89072
1983,99227,89092
1984,99260,89120
1985,99308,89163
1986,99331,89182
1987,99437,89275
1988,99442,89280
1989,99484,89315
1990,99702,89512
1991,99739,89545
1992,99740,89546
1993,99798,89600
1994,99818,89618
1995,99835,89635
1996,99848,89648
1997,99851,89650
1998,99853,89652
1999,99870,89668
